0,אדמונית החורש בהר הלל

1,אילת וחוף אלמוג: לטייל ולצלול

2,אירוס הארגמן בגבעת חומרה

3,אלוני אבא ובית לחם הגלילית

4,אמות המים לקיסריה - פארק אלונה ועוד אטרקציות באזור

5,אנדרטת גדוד 77 - עמק הבכא

6,אתרים מקודשים במערב הכנרת

7,בורות לוץ

8,בעקבות אוצרות המקדש בנחל עכברה

9,בעקבות אירוס הגלבוע להר ברקן

10,בעקבות משמרות הכהונה בגליל

11,בקעת כורסי נחל עין-גב וסוסיתא

12,בקעת תמנע

13,בתי אפנדים בגליל המערבי

14,גבעות מע'אר

15,גבעת התורמוסים - תל שוכה

16,גן לאומי עיר דוד והסביבה: אבנים מספרות היסטוריה

17,דרך מתקני המצור הרומי באזור מצדה

18,הבניאס נחל דן ונחל שניר: טיול אל מקורות הירדן

19,הבניאס: נחל חרמון

20,הזאכי – שפך נחל משושים

21,החרמון

22,המכתש הקטן

23,הקניון האדום – גיא שני

24,הר ארבל - מסלולים לטיול

25,הר הרוח ושביל נוף יתלה

26,הר חרת מוצא ומאגר בית זית: שקדיות ומושבה נשכחת

27,הר כמון מכמנים ושביל יונתן

28,הר כרכום והר עריף

29,הר מסור

30,הר שוקף ובקעת אלון – מסלול בכרמל התיכון

31,הר שלמה ונחל מפלים

32,הר תבור

33,הרי גופנא - מחרשה למעיין האוכף

34,זוויתן תחתון ובריכת המשושים

35,חוף דור-הבונים

36,חורשת הארבעים ומצוק הארבעים בכרמל

37,חלמוניות ירוחם

38,חרבת מדרס וחרבת עתרי

39,טוסקנה הדרוזית: טיול בין כפרי צפון הגולן

40,טיול בשפלה: מסלול לחנוכה בעקבות המכבים

41,יאנוח: נגיעות קטנות של יופי

42,יד קנדי חרבת סעדים ושביל המעיינות

43,ים אל ים – טיול מחוף אכזיב לחופי הכנרת

44,יער אודם

45,יער ברעם ובית הכנסת העתיק

46,יער עופר - מסלול משפחות מעגלי

47,יער קולה ובריכת צרטה

48,מאשדוד לניצנים: טבע ומורשת קרב

49,מבית ג'אן לחורפיש - מערות ופריחות בפסגות הגליל

50,מבית שאן לכוכב הירדן

51,מבצר יחיעם ונחל געתון

52,מג'רסה - בקעת בית צידה

53,מדרך נוף כרמל לקיבוץ יגור

54,מוחרקה נחל רקפת ומנזר הכרמליתים

55,מזרח הרמון: ממכתש רמון לערבה

56,מכוכב הירדן לכפר תבור

57,מכתש רמון: המיטב

58,ממצפה משואה לתל גודד

59,ממשית: עיר חקלאית בלב מדבר

60,מנחל נמר אל יער חניתה

61,מסלול הפטריה בנאות הכיכר

62,מסעד לבארי: פריחה בצפון הנגב

63,מעיינות ברמת הגולן: לאורך דרך הפטרולים

64,מעיינות גבתון לתל גזר

65,מעיינות גוש עציון

66,מעין מעריף להר ערקוב

67,מערת אצבע עתלית וחרבת קרתה

68,מערת התאומים ונחל המערה

69,מערת קשת ומערת נמר

70,מצדה

71,מקורות הירקון מגדל צדק ומבצר אנטיפטרוס

72,מרמות נפתלי לעין אווזים

73,מתל אכזיב לראש הנקרה

74,נחל  פצאל ויובליו

75,נחל אביב ונחל דישון

76,נחל אוג למשפחות

77,נחל אורן - ממחצבות קדומים לחניון האגם

78,נחל אל על: מים בין בזלת לגיר

79,נחל אלכסנדר והצבים הרכים

80,נחל אשלים ונחל עזגד: מסע בין גבי מים

81,נחל ברק והר כיפה

82,נחל ג'ילבון

83,נחל גוב ומעלה עקרבים

84,נחל גוש חלב

85,נחל גשרון עליון

86,נחל דולב ועין פירים

87,נחל דרגה - נחל מורבעת

88,נחל הבשור ופארק אשכול

89,נחל הקיבוצים הגלבוע ונחל יצפור

90,נחל השופט

91,נחל חווארים: טיול לילה בירח מלא

92,נחל חזורי גובתה ומבצר נמרוד

93,נחל חלילים ועינות תלם

94,נחל חצץ ופריחת הנרקיסים

95,נחל יגור

96,נחל יהודיה

97,נחל יחיעם

98,"נחל ימין ונחל חתירה – בעקבות סיירי הפלמ""ח"

99,נחל כזיב

100,נחל כרמילה ונחל כסלון

101,נחל לוטם וגן החיות הלימודי בחיפה

102,נחל מיצר

103,נחל מערות: טיול אל מערות הכרמל

104,נחל משמר

105,נחל סער ומפל סער

106,נחל ספונים

107,נחל עורבים

108,נחל עיון ומפל התנור

109,נחל עמוד עליון ונחל מירון

110,נחל עקרבים

111,נחל פרס תחתון

112,נחל פרצים והר סדום - טיול יום ולילה

113,נחל צאלים וברכת צפירה

114,נחל צביה

115,נחל ציפורי

116,נחל צלמון

117,נחל קדש

118,נחל קטלב ומערת הנטיפים

119,נחל קינה

120,נחל קנה – בוסתנים ומעיינות בלב השומרון

121,נחל ראש פינה

122,נחל שיח

123,נחל שניר-חצבני: מסלול בנחל חוצה גבולות

124,נחל שרך ונחל בצת

125,נחל תבור

126,נחל תמר-צפית: אתגר בשטח בדרום ים המלח

127,נחל תנינים

128,ניצנה - העיר הנבטית והסביבה

129,סיור ברובע היהודי

130,עין אפק

131,עין בוקק נחל בוקק וצוק תמרור

132,עין גדי ונחל ערוגות

133,עין מבוע נחל פרת - ואדי קלט

134,עין מטע חרבת חנות ושביל הקיסר

135,עין עבדת ועיר הנבטים עבדת

136,עין עקב חוד עקב ומעלה דבשון

137,עין שרונה ובקעת יבניאל

138,עינות צוקים וקומראן

139,עמק החולה

140,פארק בריטניה: מסלול הבורות והבארות

141,פארק השרון ויער חדרה

142,פארק קנדה לטרון (עמק איילון)

143,צובה והסטף - טיול בהרי ירושלים

144,קטע מספר 1: מקופות החרמון לתל קצעה

145,קטע מספר 1: מקיבוץ דן לקיבוץ כפר גלעדי

146,קטע מספר 10: מאלון הגליל לקיבוץ יגור

147,קטע מספר 11: מקיבוץ יגור לעין הוד

148,קטע מספר 12: מעין הוד לרמת הנדיב

149,קטע מספר 13: מרמת הנדיב לחדרה

150,קטע מספר 14: מחדרה לחוף פולג

151,קטע מספר 15: מחוף פולג לתל אביב

152,קטע מספר 16: מתל אביב לכפר סירקין

153,קטע מספר 17: מכפר סירקין לגמזו

154,קטע מספר 18: מגמזו למסילת ציון

155,קטע מספר 19: ממסילת ציון לקיבוץ צובה

156,קטע מספר 2: מכפר גלעדי למושב רמות נפתלי

157,קטע מספר 2: מתל קצעה לבאב אל הווא

158,קטע מספר 20: מקיבוץ צובה לצור הדסה

159,קטע מספר 21: מצור הדסה לנתיב הל''ה

160,קטע מספר 22: מנתיב הל''ה לבית גוברין

161,קטע מספר 23: מבית גוברין לתל קשת

162,קטע מספר 24: מתל קשת לקיבוץ דבירה

163,קטע מספר 25: מקיבוץ דבירה למיתר

164,קטע מספר 26: ממיתר להר עמשא

165,קטע מספר 27: מהר עמשא לערד

166,קטע מספר 28: מערד לחניון באר אפעה

167,קטע מספר 29: מבאר אפעה לחניון מצד תמר

168,קטע מספר 3: מבאב אל-הווא להר חוזק

169,קטע מספר 3: ממושב רמות נפתלי לקיבוץ ברעם

170,קטע מספר 30: מחניון מצד תמר למכתש הקטן

171,קטע מספר 31: מהמכתש הקטן לחניון מפעל אורון

172,קטע מספר 32: ממפעל אורון לחניון נחל מדור

173,קטע מספר 33: מחניון מדור/עפרן לחוד עקב

174,קטע מספר 34: מחוד עקב לחניון נחל חווה

175,קטע מספר 35: מחניון נחל חווה למצפה רמון

176,קטע מספר 36: ממצפה רמון לחניון הר סהרונים

177,קטע מספר 37: מהר סהרונים לחניון גב חולית

178,קטע מספר 38: מחניון גב חולית למושב צופר

179,קטע מספר 39: ממושב צופר לחניון נחל ברק

180,קטע מספר 4: מהר חוזק לאום א-דנניר

181,קטע מספר 4: מקיבוץ ברעם לחניון נחל עמוד

182,קטע מספר 40: מחניון נחל ברק לצומת ציחור

183,קטע מספר 41: מצומת ציחור לצומת שיזפון

184,קטע מספר 42: מצומת שיזפון לשחרות

185,קטע מספר 43: משחרות לחניון נחל מנגן

186,קטע מספר 44: מנחל מנגן לנחל רחם/עתק

187,קטע מספר 45: מנחל רחם/עתק להר יהורם

188,קטע מספר 46: מחניון הר יהורם לאילת

189,קטע מספר 5: מאום א-דנניר לאום אל-קאנטיר

190,קטע מספר 5: מחניון נחל עמוד לעין נון

191,קטע מספר 6: מאום אל-קאנטיר לאמפי גולן

192,קטע מספר 6: מעין נון לכנרת מושבה

193,קטע מספר 7: מאמפי גולן לעין תאופיק

194,קטע מספר 7: מכנרת מושבה לכפר קיש

195,קטע מספר 8: מכפר קיש להר יונה

196,קטע מספר 9: מהר יונה לאלון הגליל

197,קיסריה - הגן הלאומי עירו של הורדוס

198,קניון ורדית ונחל אוביל

199,קצרין ונחל זוויתן עליון

200,רכס בשנית: פריחת החלמונית והסתוונית

201,רכס הררית מבדד נטופה ועצי זית ענקיים

202,רמת הנדיב

203,שבטה - עיר נבטית בלב המדבר

204,שביל המטוס סובב איתנים

205,שביל ירושלים

206,שביל סובב כנרת

207,שוויצריה הקטנה: נחלי כלח ונחל גלים

208,שלוחת איילה ונחל שמרי

209,שמורת האירוס הנצרתי

210,שמורת הר מירון

211,שמורת זיתא ותל זרור

212,שמורת חוף השרון

213,שמורת יקום

214,שמורת נוב: מרבדים של נרקיסים ואירוס הביצות

215,שמורת פורה ותל נג'ילה

216,שפך נחל שורק וחוף פלמחים

217,תל ארשף - אפולוניה

218,תל יודפת והר עצמון

